<?xml version="1.0" encoding="UTF-8" standalone="yes"?>
<configuration xmlns="http://www.jooq.org/xsd/jooq-codegen-2.3.0.xsd">
    <jdbc>
        <driver>org.h2.Driver</driver>
        <url>jdbc:h2:file:./deployment/TimeSeriesRecording</url>
        <user>root</user>
        <password>root</password>
    </jdbc>
    <generator>
        <name>org.jooq.util.DefaultGenerator</name>
        <database>
            <name>org.jooq.util.h2.H2Database</name>
            <includes>.*</includes>
            <excludes></excludes>
            <inputSchema>PUBLIC</inputSchema>
        </database>
        <generate></generate>
        <target>
            <packageName>org.jooq.h2.generated</packageName>
            <directory>./src</directory>
        </target>
    </generator>
</configuration>