<?xml version="1.0" encoding="UTF-8"?>
<configuration>
<!--
	< Reference >
	https://github.com/spring-projects/spring-boot/tree/master/spring-boot/src/main/resources/org/springframework/boot/logging/logback 
 -->
	<include resource="org/springframework/boot/logging/logback/defaults.xml"/>
	<include resource="org/springframework/boot/logging/logback/base.xml" />
	<!-- include resource="org/springframework/boot/logging/logback/console-appender.xml" / -->
	<!-- include resource="org/springframework/boot/logging/logback/file-appender.xml" / -->
	
	<property name="LOG_FILE" value="./component.log"/>
	
	<if condition='"${spring.profiles.active}" == "develop"'>
        <then>
            <include resource="logback-develop.xml"/>
        </then>
    </if>
    <if condition='"${spring.profiles.active}" == "product"'>
        <then>
            <include resource="${user.dir}\resources\config\phase\PROD\logback-product.xml"/>
        </then>
    </if>
	
	
	<appender name="CONSOLE" class="ch.qos.logback.core.ConsoleAppender">
        <encoder>
            <pattern>${CONSOLE_LOG_PATTERN}</pattern>
            <charset>MS932</charset>
        </encoder>
    </appender>
    
    <appender name="FILE" class="ch.qos.logback.core.rolling.RollingFileAppender">
        <encoder>
            <pattern>%-5r %d{yyyyMMdd HH:mm:ss.SSS} [%t] %-5le %lo{36} [%file:%line] - %msg %n</pattern>
        </encoder>
        <file>${LOG_FILE}</file>
        <rollingPolicy class="ch.qos.logback.core.rolling.TimeBasedRollingPolicy">
            <fileNamePattern>${LOG_FILE}.%d{yyyy-MM-dd}</fileNamePattern>
            <!-- maxHistory>365</maxHistory -->
        </rollingPolicy>
    </appender>
	
</configuration>